{
    "accuracy": 0.8616,
    "precision": 0.7774294670846394,
    "recall": 0.47418738049713194,
    "f1_score": 0.5890736342042755
}