{
    "accuracy": 0.8688,
    "precision": 0.729903536977492,
    "recall": 0.4819532908704883,
    "f1_score": 0.5805626598465473
}